年,月,日,都道府県,PCR検査陽性者数,PCR検査人数,陽性率,検査人数の集計期間に対応する陽性者数
2020,3,11,北海道,118,1069,,
2020,3,11,青森県,0,58,,
2020,3,11,岩手県,0,20,,
2020,3,11,宮城県,1,94,,
2020,3,11,秋田県,2,40,,
2020,3,11,山形県,0,96,,
2020,3,11,福島県,1,93,,
2020,3,11,茨城県,0,302,,
2020,3,11,栃木県,2,170,,
2020,3,11,群馬県,1,81,,
2020,3,11,埼玉県,12,264,,
2020,3,11,千葉県,25,,,
2020,3,11,東京都,79,922,,
2020,3,11,神奈川県,43,,,
2020,3,11,新潟県,11,,,
2020,3,11,富山県,0,44,,
2020,3,11,石川県,7,134,,
2020,3,11,福井県,0,71,,
2020,3,11,山梨県,2,236,,
2020,3,11,長野県,3,231,,
2020,3,11,岐阜県,2,201,,
2020,3,11,静岡県,2,,,
2020,3,11,愛知県,104,274,,
2020,3,11,三重県,2,155,,
2020,3,11,滋賀県,1,88,,
2020,3,11,京都府,15,440,,
2020,3,11,大阪府,81,,,
2020,3,11,兵庫県,35,443,,
2020,3,11,奈良県,8,102,,
2020,3,11,和歌山県,14,982,,
2020,3,11,鳥取県,0,82,,
2020,3,11,島根県,0,64,,
2020,3,11,岡山県,0,125,,
2020,3,11,広島県,1,290,,
2020,3,11,山口県,3,113,,
2020,3,11,徳島県,1,62,,
2020,3,11,香川県,0,88,,
2020,3,11,愛媛県,2,149,,
2020,3,11,高知県,12,157,,
2020,3,11,福岡県,3,492,,
2020,3,11,佐賀県,0,47,,
2020,3,11,長崎県,0,133,,
2020,3,11,熊本県,6,,,
2020,3,11,大分県,1,137,,
2020,3,11,宮崎県,1,78,,
2020,3,11,鹿児島県,0,,,
2020,3,11,沖縄県,3,190,,
2020,3,12,北海道,128,1250,,
2020,3,12,青森県,0,66,,
2020,3,12,岩手県,0,22,,
2020,3,12,宮城県,1,100,,
2020,3,12,秋田県,2,92,,
2020,3,12,山形県,0,103,,
2020,3,12,福島県,1,100,,
2020,3,12,茨城県,0,342,,
2020,3,12,栃木県,2,193,,
2020,3,12,群馬県,1,103,,
2020,3,12,埼玉県,18,440,,
2020,3,12,千葉県,27,,,
2020,3,12,東京都,81,922,,
2020,3,12,神奈川県,43,,,
2020,3,12,新潟県,14,,,
2020,3,12,富山県,0,47,,
2020,3,12,石川県,7,144,,
2020,3,12,福井県,0,73,,
2020,3,12,山梨県,2,251,,
2020,3,12,長野県,3,245,,
2020,3,12,岐阜県,2,205,,
2020,3,12,静岡県,3,,,
2020,3,12,愛知県,111,1009,,
2020,3,12,三重県,7,181,,
2020,3,12,滋賀県,1,91,,
2020,3,12,京都府,17,544,,
2020,3,12,大阪府,90,,,
2020,3,12,兵庫県,43,540,,
2020,3,12,奈良県,8,113,,
2020,3,12,和歌山県,14,996,,
2020,3,12,鳥取県,0,86,,
2020,3,12,島根県,0,76,,
2020,3,12,岡山県,0,141,,
2020,3,12,広島県,1,376,,
2020,3,12,山口県,3,122,,
2020,3,12,徳島県,1,67,,
2020,3,12,香川県,0,91,,
2020,3,12,愛媛県,2,153,,
2020,3,12,高知県,12,221,,
2020,3,12,福岡県,3,509,,
2020,3,12,佐賀県,0,50,,
2020,3,12,長崎県,0,140,,
2020,3,12,熊本県,6,,,
2020,3,12,大分県,1,138,,
2020,3,12,宮崎県,1,97,,
2020,3,12,鹿児島県,0,,,
2020,3,12,沖縄県,3,196,,
2020,3,13,北海道,136,1322,,
2020,3,13,青森県,0,70,,
2020,3,13,岩手県,0,22,,
2020,3,13,宮城県,1,109,,
2020,3,13,秋田県,2,94,,
2020,3,13,山形県,0,110,,
2020,3,13,福島県,1,107,,
2020,3,13,茨城県,0,389,,
2020,3,13,栃木県,2,201,,
2020,3,13,群馬県,3,115,,
2020,3,13,埼玉県,21,440,,
2020,3,13,千葉県,29,,,
2020,3,13,東京都,83,922,,
2020,3,13,神奈川県,46,,,
2020,3,13,新潟県,14,,,
2020,3,13,富山県,0,49,,
2020,3,13,石川県,7,146,,
2020,3,13,福井県,0,74,,
2020,3,13,山梨県,2,267,,
2020,3,13,長野県,3,255,,
2020,3,13,岐阜県,2,227,,
2020,3,13,静岡県,3,,,
2020,3,13,愛知県,114,1103,,
2020,3,13,三重県,7,198,,
2020,3,13,滋賀県,1,99,,
2020,3,13,京都府,17,628,,
2020,3,13,大阪府,93,,,
2020,3,13,兵庫県,56,581,,
2020,3,13,奈良県,8,131,,
2020,3,13,和歌山県,14,1008,,
2020,3,13,鳥取県,0,93,,
2020,3,13,島根県,0,80,,
2020,3,13,岡山県,0,141,,
2020,3,13,広島県,1,423,,
2020,3,13,山口県,3,128,,
2020,3,13,徳島県,1,70,,
2020,3,13,香川県,0,98,,
2020,3,13,愛媛県,2,161,,
2020,3,13,高知県,12,229,,
2020,3,13,福岡県,3,522,,
2020,3,13,佐賀県,1,52,,
2020,3,13,長崎県,0,150,,
2020,3,13,熊本県,6,,,
2020,3,13,大分県,1,148,,
2020,3,13,宮崎県,1,113,,
2020,3,13,鹿児島県,0,,,
2020,3,13,沖縄県,3,198,,
2020,3,14,北海道,142,1322,,
2020,3,14,青森県,0,70,,
2020,3,14,岩手県,0,22,,
2020,3,14,宮城県,1,109,,
2020,3,14,秋田県,2,94,,
2020,3,14,山形県,0,110,,
2020,3,14,福島県,2,107,,
2020,3,14,茨城県,0,389,,
2020,3,14,栃木県,2,201,,
2020,3,14,群馬県,5,115,,
2020,3,14,埼玉県,28,440,,
2020,3,14,千葉県,31,,,
2020,3,14,東京都,93,922,,
2020,3,14,神奈川県,49,,,
2020,3,14,新潟県,14,,,
2020,3,14,富山県,0,49,,
2020,3,14,石川県,7,146,,
2020,3,14,福井県,0,74,,
2020,3,14,山梨県,2,267,,
2020,3,14,長野県,4,255,,
2020,3,14,岐阜県,2,227,,
2020,3,14,静岡県,3,,,
2020,3,14,愛知県,121,1103,,
2020,3,14,三重県,8,198,,
2020,3,14,滋賀県,1,99,,
2020,3,14,京都府,17,628,,
2020,3,14,大阪府,103,,,
2020,3,14,兵庫県,60,581,,
2020,3,14,奈良県,8,131,,
2020,3,14,和歌山県,14,1008,,
2020,3,14,鳥取県,0,93,,
2020,3,14,島根県,0,80,,
2020,3,14,岡山県,0,141,,
2020,3,14,広島県,1,423,,
2020,3,14,山口県,3,128,,
2020,3,14,徳島県,1,70,,
2020,3,14,香川県,0,98,,
2020,3,14,愛媛県,2,161,,
2020,3,14,高知県,12,229,,
2020,3,14,福岡県,3,522,,
2020,3,14,佐賀県,1,52,,
2020,3,14,長崎県,1,150,,
2020,3,14,熊本県,6,,,
2020,3,14,大分県,1,148,,
2020,3,14,宮崎県,1,113,,
2020,3,14,鹿児島県,0,,,
2020,3,14,沖縄県,3,198,,
2020,3,15,北海道,148,1322,,
2020,3,15,青森県,0,70,,
2020,3,15,岩手県,0,22,,
2020,3,15,宮城県,1,109,,
2020,3,15,秋田県,2,94,,
2020,3,15,山形県,0,110,,
2020,3,15,福島県,2,107,,
2020,3,15,茨城県,0,389,,
2020,3,15,栃木県,2,201,,
2020,3,15,群馬県,5,115,,
2020,3,15,埼玉県,28,440,,
2020,3,15,千葉県,31,,,
2020,3,15,東京都,96,922,,
2020,3,15,神奈川県,54,,,
2020,3,15,新潟県,14,,,
2020,3,15,富山県,0,49,,
2020,3,15,石川県,7,146,,
2020,3,15,福井県,0,74,,
2020,3,15,山梨県,2,267,,
2020,3,15,長野県,4,255,,
2020,3,15,岐阜県,2,227,,
2020,3,15,静岡県,3,,,
2020,3,15,愛知県,121,1103,,
2020,3,15,三重県,8,198,,
2020,3,15,滋賀県,2,99,,
2020,3,15,京都府,17,628,,
2020,3,15,大阪府,107,,,
2020,3,15,兵庫県,62,581,,
2020,3,15,奈良県,8,131,,
2020,3,15,和歌山県,15,1008,,
2020,3,15,鳥取県,0,93,,
2020,3,15,島根県,0,80,,
2020,3,15,岡山県,0,141,,
2020,3,15,広島県,1,423,,
2020,3,15,山口県,3,128,,
2020,3,15,徳島県,1,70,,
2020,3,15,香川県,0,98,,
2020,3,15,愛媛県,2,161,,
2020,3,15,高知県,12,229,,
2020,3,15,福岡県,3,522,,
2020,3,15,佐賀県,1,52,,
2020,3,15,長崎県,1,150,,
2020,3,15,熊本県,6,,,
2020,3,15,大分県,1,148,,
2020,3,15,宮崎県,1,113,,
2020,3,15,鹿児島県,0,,,
2020,3,15,沖縄県,3,198,,
2020,3,16,北海道,152,1462,,
2020,3,16,青森県,0,72,,
2020,3,16,岩手県,0,24,,
2020,3,16,宮城県,1,129,,
2020,3,16,秋田県,2,103,,
2020,3,16,山形県,0,112,,
2020,3,16,福島県,2,116,,
2020,3,16,茨城県,0,419,,
2020,3,16,栃木県,2,221,,
2020,3,16,群馬県,6,234,,
2020,3,16,埼玉県,28,584,,
2020,3,16,千葉県,31,,,
2020,3,16,東京都,96,1524,,
2020,3,16,神奈川県,54,,,
2020,3,16,新潟県,14,,,
2020,3,16,富山県,0,48,,
2020,3,16,石川県,7,156,,
2020,3,16,福井県,0,79,,
2020,3,16,山梨県,2,294,,
2020,3,16,長野県,4,280,,
2020,3,16,岐阜県,2,249,,
2020,3,16,静岡県,3,,,
2020,3,16,愛知県,123,847,,
2020,3,16,三重県,8,257,,
2020,3,16,滋賀県,3,107,,
2020,3,16,京都府,17,741,,
2020,3,16,大阪府,109,,,
2020,3,16,兵庫県,81,874,,
2020,3,16,奈良県,8,143,,
2020,3,16,和歌山県,15,1040,,
2020,3,16,鳥取県,0,95,,
2020,3,16,島根県,0,82,,
2020,3,16,岡山県,0,160,,
2020,3,16,広島県,1,463,,
2020,3,16,山口県,3,138,,
2020,3,16,徳島県,1,73,,
2020,3,16,香川県,0,102,,
2020,3,16,愛媛県,2,166,,
2020,3,16,高知県,12,246,,
2020,3,16,福岡県,3,578,,
2020,3,16,佐賀県,1,82,,
2020,3,16,長崎県,1,173,,
2020,3,16,熊本県,6,393,,
2020,3,16,大分県,1,153,,
2020,3,16,宮崎県,1,114,,
2020,3,16,鹿児島県,0,,,
2020,3,16,沖縄県,3,210,,
2020,3,17,北海道,152,1515,,
2020,3,17,青森県,0,74,,
2020,3,17,岩手県,0,24,,
2020,3,17,宮城県,1,129,,
2020,3,17,秋田県,2,108,,
2020,3,17,山形県,0,120,,
2020,3,17,福島県,2,117,,
2020,3,17,茨城県,1,436,,
2020,3,17,栃木県,2,227,,
2020,3,17,群馬県,10,244,,
2020,3,17,埼玉県,33,614,,
2020,3,17,千葉県,31,,,
2020,3,17,東京都,108,1524,,
2020,3,17,神奈川県,55,,,
2020,3,17,新潟県,20,,,
2020,3,17,富山県,0,51,,
2020,3,17,石川県,7,162,,
2020,3,17,福井県,0,84,,
2020,3,17,山梨県,2,315,,
2020,3,17,長野県,4,284,,
2020,3,17,岐阜県,2,322,,
2020,3,17,静岡県,3,,,
2020,3,17,愛知県,125,847,,
2020,3,17,三重県,8,277,,
2020,3,17,滋賀県,4,124,,
2020,3,17,京都府,19,743,,
2020,3,17,大阪府,112,,,
2020,3,17,兵庫県,85,951,,
2020,3,17,奈良県,8,153,,
2020,3,17,和歌山県,15,1076,,
2020,3,17,鳥取県,0,104,,
2020,3,17,島根県,0,84,,
2020,3,17,岡山県,0,166,,
2020,3,17,広島県,1,502,,
2020,3,17,山口県,3,149,,
2020,3,17,徳島県,1,115,,
2020,3,17,香川県,1,109,,
2020,3,17,愛媛県,2,167,,
2020,3,17,高知県,12,256,,
2020,3,17,福岡県,4,583,,
2020,3,17,佐賀県,1,85,,
2020,3,17,長崎県,1,179,,
2020,3,17,熊本県,6,,,
2020,3,17,大分県,1,155,,
2020,3,17,宮崎県,3,129,,
2020,3,17,鹿児島県,0,,,
2020,3,17,沖縄県,3,217,,
2020,3,18,北海道,154,1587,,
2020,3,18,青森県,0,75,,
2020,3,18,岩手県,0,24,,
2020,3,18,宮城県,1,138,,
2020,3,18,秋田県,2,109,,
2020,3,18,山形県,0,123,,
2020,3,18,福島県,2,127,,
2020,3,18,茨城県,2,454,,
2020,3,18,栃木県,3,242,,
2020,3,18,群馬県,10,161,,
2020,3,18,埼玉県,34,646,,
2020,3,18,千葉県,33,,,
2020,3,18,東京都,117,1743,,
2020,3,18,神奈川県,59,,,
2020,3,18,新潟県,21,,,
2020,3,18,富山県,0,54,,
2020,3,18,石川県,7,165,,
2020,3,18,福井県,1,92,,
2020,3,18,山梨県,2,325,,
2020,3,18,長野県,4,295,,
2020,3,18,岐阜県,3,270,,
2020,3,18,静岡県,3,,,
2020,3,18,愛知県,130,847,,
2020,3,18,三重県,8,277,,
2020,3,18,滋賀県,4,140,,
2020,3,18,京都府,20,770,,
2020,3,18,大阪府,117,,,
2020,3,18,兵庫県,90,1020,,
2020,3,18,奈良県,8,163,,
2020,3,18,和歌山県,15,1090,,
2020,3,18,鳥取県,0,110,,
2020,3,18,島根県,0,86,,
2020,3,18,岡山県,0,175,,
2020,3,18,広島県,1,521,,
2020,3,18,山口県,3,157,,
2020,3,18,徳島県,1,79,,
2020,3,18,香川県,1,122,,
2020,3,18,愛媛県,3,181,,
2020,3,18,高知県,12,267,,
2020,3,18,福岡県,4,610,,
2020,3,18,佐賀県,1,91,,
2020,3,18,長崎県,1,200,,
2020,3,18,熊本県,6,,,
2020,3,18,大分県,1,163,,
2020,3,18,宮崎県,3,143,,
2020,3,18,鹿児島県,0,,,
2020,3,18,沖縄県,3,230,,
2020,3,19,北海道,157,1652,,
2020,3,19,青森県,0,79,,
2020,3,19,岩手県,0,29,,
2020,3,19,宮城県,1,144,,
2020,3,19,秋田県,2,114,,
2020,3,19,山形県,0,133,,
2020,3,19,福島県,2,132,,
2020,3,19,茨城県,3,464,,
2020,3,19,栃木県,3,263,,
2020,3,19,群馬県,10,173,,
2020,3,19,埼玉県,38,684,,
2020,3,19,千葉県,36,,,
2020,3,19,東京都,124,1848,,
2020,3,19,神奈川県,64,,,
2020,3,19,新潟県,21,647,,
2020,3,19,富山県,0,54,,
2020,3,19,石川県,7,171,,
2020,3,19,福井県,1,92,,
2020,3,19,山梨県,2,335,,
2020,3,19,長野県,4,306,,
2020,3,19,岐阜県,3,272,,
2020,3,19,静岡県,3,,,
2020,3,19,愛知県,134,847,,
2020,3,19,三重県,9,318,,
2020,3,19,滋賀県,4,144,,
2020,3,19,京都府,20,800,,
2020,3,19,大阪府,119,,,
2020,3,19,兵庫県,91,1108,,
2020,3,19,奈良県,8,176,,
2020,3,19,和歌山県,16,1102,,
2020,3,19,鳥取県,0,115,,
2020,3,19,島根県,0,91,,
2020,3,19,岡山県,0,181,,
2020,3,19,広島県,1,552,,
2020,3,19,山口県,3,164,,
2020,3,19,徳島県,1,83,,
2020,3,19,香川県,1,128,,
2020,3,19,愛媛県,3,181,,
2020,3,19,高知県,12,270,,
2020,3,19,福岡県,5,626,,
2020,3,19,佐賀県,1,100,,
2020,3,19,長崎県,1,213,,
2020,3,19,熊本県,7,467,,
2020,3,19,大分県,3,167,,
2020,3,19,宮崎県,3,170,,
2020,3,19,鹿児島県,0,171,,
2020,3,19,沖縄県,3,238,,
2020,3,20,北海道,158,1652,,
2020,3,20,青森県,0,85,,
2020,3,20,岩手県,0,29,,
2020,3,20,宮城県,1,148,,
2020,3,20,秋田県,2,114,,
2020,3,20,山形県,0,133,,
2020,3,20,福島県,2,132,,
2020,3,20,茨城県,3,464,,
2020,3,20,栃木県,3,263,,
2020,3,20,群馬県,11,173,,
2020,3,20,埼玉県,41,684,,
2020,3,20,千葉県,41,,,
2020,3,20,東京都,135,1848,,
2020,3,20,神奈川県,65,,,
2020,3,20,新潟県,21,647,,
2020,3,20,富山県,0,54,,
2020,3,20,石川県,8,175,,
2020,3,20,福井県,1,97,,
2020,3,20,山梨県,2,337,,
2020,3,20,長野県,4,306,,
2020,3,20,岐阜県,3,279,,
2020,3,20,静岡県,3,,,
2020,3,20,愛知県,139,847,,
2020,3,20,三重県,9,318,,
2020,3,20,滋賀県,4,144,,
2020,3,20,京都府,21,806,,
2020,3,20,大阪府,123,,,
2020,3,20,兵庫県,100,1120,,
2020,3,20,奈良県,8,177,,
2020,3,20,和歌山県,17,1110,,
2020,3,20,鳥取県,0,115,,
2020,3,20,島根県,0,91,,
2020,3,20,岡山県,0,181,,
2020,3,20,広島県,2,569,,
2020,3,20,山口県,3,164,,
2020,3,20,徳島県,1,83,,
2020,3,20,香川県,1,133,,
2020,3,20,愛媛県,3,181,,
2020,3,20,高知県,12,270,,
2020,3,20,福岡県,5,626,,
2020,3,20,佐賀県,1,102,,
2020,3,20,長崎県,1,213,,
2020,3,20,熊本県,7,476,,
2020,3,20,大分県,8,175,,
2020,3,20,宮崎県,3,179,,
2020,3,20,鹿児島県,0,171,,
2020,3,20,沖縄県,3,238,,
2020,3,21,北海道,159,1652,,
2020,3,21,青森県,0,88,,
2020,3,21,岩手県,0,29,,
2020,3,21,宮城県,1,150,,
2020,3,21,秋田県,2,114,,
2020,3,21,山形県,0,133,,
2020,3,21,福島県,2,132,,
2020,3,21,茨城県,3,464,,
2020,3,21,栃木県,4,263,,
2020,3,21,群馬県,11,174,,
2020,3,21,埼玉県,44,684,,
2020,3,21,千葉県,42,,,
2020,3,21,東京都,142,1848,,
2020,3,21,神奈川県,68,,,
2020,3,21,新潟県,26,647,,
2020,3,21,富山県,0,54,,
2020,3,21,石川県,8,176,,
2020,3,21,福井県,1,97,,
2020,3,21,山梨県,2,338,,
2020,3,21,長野県,4,306,,
2020,3,21,岐阜県,3,279,,
2020,3,21,静岡県,3,,,
2020,3,21,愛知県,141,847,,
2020,3,21,三重県,9,318,,
2020,3,21,滋賀県,4,144,,
2020,3,21,京都府,22,813,,
2020,3,21,大阪府,125,,,
2020,3,21,兵庫県,106,1126,,
2020,3,21,奈良県,8,184,,
2020,3,21,和歌山県,17,1112,,
2020,3,21,鳥取県,0,115,,
2020,3,21,島根県,0,92,,
2020,3,21,岡山県,0,181,,
2020,3,21,広島県,2,579,,
2020,3,21,山口県,3,166,,
2020,3,21,徳島県,1,83,,
2020,3,21,香川県,1,142,,
2020,3,21,愛媛県,3,181,,
2020,3,21,高知県,12,272,,
2020,3,21,福岡県,5,637,,
2020,3,21,佐賀県,1,102,,
2020,3,21,長崎県,1,213,,
2020,3,21,熊本県,7,487,,
2020,3,21,大分県,13,175,,
2020,3,21,宮崎県,3,186,,
2020,3,21,鹿児島県,0,171,,
2020,3,21,沖縄県,3,238,,
2020,3,22,北海道,162,1652,,
2020,3,22,青森県,0,90,,
2020,3,22,岩手県,0,29,,
2020,3,22,宮城県,1,150,,
2020,3,22,秋田県,2,114,,
2020,3,22,山形県,0,133,,
2020,3,22,福島県,2,132,,
2020,3,22,茨城県,3,464,,
2020,3,22,栃木県,4,263,,
2020,3,22,群馬県,11,174,,
2020,3,22,埼玉県,50,684,,
2020,3,22,千葉県,44,,,
2020,3,22,東京都,144,1848,,
2020,3,22,神奈川県,74,,,
2020,3,22,新潟県,26,648,,
2020,3,22,富山県,0,55,,
2020,3,22,石川県,8,179,,
2020,3,22,福井県,1,98,,
2020,3,22,山梨県,2,338,,
2020,3,22,長野県,4,306,,
2020,3,22,岐阜県,5,281,,
2020,3,22,静岡県,3,,,
2020,3,22,愛知県,143,847,,
2020,3,22,三重県,9,318,,
2020,3,22,滋賀県,4,144,,
2020,3,22,京都府,23,815,,
2020,3,22,大阪府,131,,,
2020,3,22,兵庫県,110,1127,,
2020,3,22,奈良県,9,187,,
2020,3,22,和歌山県,17,1118,,
2020,3,22,鳥取県,0,115,,
2020,3,22,島根県,0,95,,
2020,3,22,岡山県,1,181,,
2020,3,22,広島県,3,609,,
2020,3,22,山口県,4,170,,
2020,3,22,徳島県,1,83,,
2020,3,22,香川県,1,147,,
2020,3,22,愛媛県,3,181,,
2020,3,22,高知県,12,279,,
2020,3,22,福岡県,5,642,,
2020,3,22,佐賀県,1,103,,
2020,3,22,長崎県,1,213,,
2020,3,22,熊本県,7,490,,
2020,3,22,大分県,17,175,,
2020,3,22,宮崎県,3,189,,
2020,3,22,鹿児島県,0,171,,
2020,3,22,沖縄県,3,238,,
2020,3,23,北海道,162,1775,,
2020,3,23,青森県,2,83,,
2020,3,23,岩手県,0,37,,
2020,3,23,宮城県,1,161,,
2020,3,23,秋田県,2,121,,
2020,3,23,山形県,0,145,,
2020,3,23,福島県,2,157,,
2020,3,23,茨城県,5,654,,
2020,3,23,栃木県,4,297,,
2020,3,23,群馬県,11,202,,
2020,3,23,埼玉県,51,875,,
2020,3,23,千葉県,47,31,,
2020,3,23,東京都,158,1848,,
2020,3,23,神奈川県,75,,,
2020,3,23,新潟県,26,786,,
2020,3,23,富山県,0,62,,
2020,3,23,石川県,8,181,,
2020,3,23,福井県,1,102,,
2020,3,23,山梨県,2,358,,
2020,3,23,長野県,4,336,,
2020,3,23,岐阜県,8,304,,
2020,3,23,静岡県,3,581,,
2020,3,23,愛知県,145,1782,,
2020,3,23,三重県,9,344,,
2020,3,23,滋賀県,5,168,,
2020,3,23,京都府,24,857,,
2020,3,23,大阪府,134,,,
2020,3,23,兵庫県,112,1518,,
2020,3,23,奈良県,9,205,,
2020,3,23,和歌山県,17,1305,,
2020,3,23,鳥取県,0,126,,
2020,3,23,島根県,0,101,,
2020,3,23,岡山県,1,206,,
2020,3,23,広島県,3,631,,
2020,3,23,山口県,4,180,,
2020,3,23,徳島県,1,93,,
2020,3,23,香川県,1,157,,
2020,3,23,愛媛県,3,208,,
2020,3,23,高知県,12,281,,
2020,3,23,福岡県,6,689,,
2020,3,23,佐賀県,1,111,,
2020,3,23,長崎県,1,246,,
2020,3,23,熊本県,7,521,,
2020,3,23,大分県,17,356,,
2020,3,23,宮崎県,3,197,,
2020,3,23,鹿児島県,0,193,,
2020,3,23,沖縄県,3,263,,
2020,3,24,北海道,163,1794,,
2020,3,24,青森県,2,85,,
2020,3,24,岩手県,0,36,,
2020,3,24,宮城県,1,162,,
2020,3,24,秋田県,2,200,,
2020,3,24,山形県,0,147,,
2020,3,24,福島県,2,164,,
2020,3,24,茨城県,5,576,,
2020,3,24,栃木県,6,299,,
2020,3,24,群馬県,13,209,,
2020,3,24,埼玉県,58,898,,
2020,3,24,千葉県,48,39,,
2020,3,24,東京都,172,2013,,
2020,3,24,神奈川県,80,69,,
2020,3,24,新潟県,28,812,,
2020,3,24,富山県,0,67,,
2020,3,24,石川県,8,192,,
2020,3,24,福井県,1,114,,
2020,3,24,山梨県,4,370,,
2020,3,24,長野県,5,339,,
2020,3,24,岐阜県,12,317,,
2020,3,24,静岡県,3,584,,
2020,3,24,愛知県,148,1895,,
2020,3,24,三重県,9,368,,
2020,3,24,滋賀県,5,173,,
2020,3,24,京都府,26,930,,
2020,3,24,大阪府,142,169,,
2020,3,24,兵庫県,115,1607,,
2020,3,24,奈良県,9,214,,
2020,3,24,和歌山県,17,1316,,
2020,3,24,鳥取県,0,129,,
2020,3,24,島根県,0,105,,
2020,3,24,岡山県,1,219,,
2020,3,24,広島県,3,656,,
2020,3,24,山口県,4,192,,
2020,3,24,徳島県,1,96,,
2020,3,24,香川県,1,160,,
2020,3,24,愛媛県,3,215,,
2020,3,24,高知県,12,307,,
2020,3,24,福岡県,9,703,,
2020,3,24,佐賀県,1,115,,
2020,3,24,長崎県,1,253,,
2020,3,24,熊本県,7,543,,
2020,3,24,大分県,18,743,,
2020,3,24,宮崎県,3,205,,
2020,3,24,鹿児島県,0,196,,
2020,3,24,沖縄県,4,271,,
2020,3,25,北海道,167,1821,,
2020,3,25,青森県,6,102,,
2020,3,25,岩手県,0,41,,
2020,3,25,宮城県,1,175,,
2020,3,25,秋田県,2,204,,
2020,3,25,山形県,0,156,,
2020,3,25,福島県,2,167,,
2020,3,25,茨城県,9,656,,
2020,3,25,栃木県,7,320,,
2020,3,25,群馬県,13,231,,
2020,3,25,埼玉県,59,901,,
2020,3,25,千葉県,53,100,,
2020,3,25,東京都,218,2087,,
2020,3,25,神奈川県,84,74,,
2020,3,25,新潟県,29,845,,
2020,3,25,富山県,0,69,,
2020,3,25,石川県,8,193,,
2020,3,25,福井県,2,116,,
2020,3,25,山梨県,4,383,,
2020,3,25,長野県,5,339,,
2020,3,25,岐阜県,13,325,,
2020,3,25,静岡県,3,611,,
2020,3,25,愛知県,154,1987,,
2020,3,25,三重県,9,380,,
2020,3,25,滋賀県,5,176,,
2020,3,25,京都府,30,967,,
2020,3,25,大阪府,150,250,,
2020,3,25,兵庫県,116,1855,,
2020,3,25,奈良県,9,225,,
2020,3,25,和歌山県,17,1374,,
2020,3,25,鳥取県,0,134,,
2020,3,25,島根県,0,106,,
2020,3,25,岡山県,1,233,,
2020,3,25,広島県,3,687,,
2020,3,25,山口県,5,196,,
2020,3,25,徳島県,1,99,,
2020,3,25,香川県,1,168,,
2020,3,25,愛媛県,3,219,,
2020,3,25,高知県,12,313,,
2020,3,25,福岡県,9,747,,
2020,3,25,佐賀県,1,121,,
2020,3,25,長崎県,2,266,,
2020,3,25,熊本県,7,567,,
2020,3,25,大分県,25,1171,,
2020,3,25,宮崎県,3,222,,
2020,3,25,鹿児島県,0,208,,
2020,3,25,沖縄県,4,271,,
2020,3,26,北海道,168,1929,,
2020,3,26,青森県,6,116,,
2020,3,26,岩手県,0,44,,
2020,3,26,宮城県,2,180,,
2020,3,26,秋田県,2,207,,
2020,3,26,山形県,0,165,,
2020,3,26,福島県,2,177,,
2020,3,26,茨城県,10,716,,
2020,3,26,栃木県,10,343,,
2020,3,26,群馬県,14,241,,
2020,3,26,埼玉県,66,1033,,
2020,3,26,千葉県,56,108,,
2020,3,26,東京都,265,2182,,
2020,3,26,神奈川県,89,218,,
2020,3,26,新潟県,29,920,,
2020,3,26,富山県,0,69,,
2020,3,26,石川県,8,195,,
2020,3,26,福井県,6,119,,
2020,3,26,山梨県,4,401,,
2020,3,26,長野県,5,371,,
2020,3,26,岐阜県,16,374,,
2020,3,26,静岡県,3,645,,
2020,3,26,愛知県,157,2204,,
2020,3,26,三重県,9,387,,
2020,3,26,滋賀県,6,138,,
2020,3,26,京都府,32,996,,
2020,3,26,大阪府,157,362,,
2020,3,26,兵庫県,118,2031,,
2020,3,26,奈良県,9,231,,
2020,3,26,和歌山県,17,1405,,
2020,3,26,鳥取県,0,141,,
2020,3,26,島根県,0,109,,
2020,3,26,岡山県,1,243,,
2020,3,26,広島県,4,722,,
2020,3,26,山口県,6,210,,
2020,3,26,徳島県,1,104,,
2020,3,26,香川県,1,191,,
2020,3,26,愛媛県,3,223,,
2020,3,26,高知県,12,314,,
2020,3,26,福岡県,11,777,,
2020,3,26,佐賀県,1,124,,
2020,3,26,長崎県,2,279,,
2020,3,26,熊本県,8,595,,
2020,3,26,大分県,25,1389,,
2020,3,26,宮崎県,3,235,,
2020,3,26,鹿児島県,1,215,,
2020,3,26,沖縄県,4,285,,
2020,3,27,北海道,169,1976,,
2020,3,27,青森県,6,123,,
2020,3,27,岩手県,0,50,,
2020,3,27,宮城県,2,187,,
2020,3,27,秋田県,4,211,,
2020,3,27,山形県,0,170,,
2020,3,27,福島県,2,182,,
2020,3,27,茨城県,11,770,,
2020,3,27,栃木県,11,377,,
2020,3,27,群馬県,14,240,,
2020,3,27,埼玉県,72,1104,,
2020,3,27,千葉県,62,169,,
2020,3,27,東京都,305,2269,,
2020,3,27,神奈川県,95,276,,
2020,3,27,新潟県,29,977,,
2020,3,27,富山県,0,70,,
2020,3,27,石川県,8,199,,
2020,3,27,福井県,9,136,,
2020,3,27,山梨県,4,422,,
2020,3,27,長野県,6,396,,
2020,3,27,岐阜県,16,412,,
2020,3,27,静岡県,3,648,,
2020,3,27,愛知県,160,2276,,
2020,3,27,三重県,9,408,,
2020,3,27,滋賀県,6,196,,
2020,3,27,京都府,34,1035,,
2020,3,27,大阪府,177,501,,
2020,3,27,兵庫県,122,2121,,
2020,3,27,奈良県,9,253,,
2020,3,27,和歌山県,17,1419,,
2020,3,27,鳥取県,0,146,,
2020,3,27,島根県,0,117,,
2020,3,27,岡山県,2,251,,
2020,3,27,広島県,4,748,,
2020,3,27,山口県,6,228,,
2020,3,27,徳島県,1,110,,
2020,3,27,香川県,1,197,,
2020,3,27,愛媛県,4,234,,
2020,3,27,高知県,13,332,,
2020,3,27,福岡県,12,843,,
2020,3,27,佐賀県,1,129,,
2020,3,27,長崎県,2,292,,
2020,3,27,熊本県,10,658,,
2020,3,27,大分県,25,1489,,
2020,3,27,宮崎県,3,236,,
2020,3,27,鹿児島県,1,219,,
2020,3,27,沖縄県,6,303,,
2020,3,28,北海道,172,1976,,
2020,3,28,青森県,6,124,,
2020,3,28,岩手県,0,50,,
2020,3,28,宮城県,2,187,,
2020,3,28,秋田県,4,211,,
2020,3,28,山形県,0,170,,
2020,3,28,福島県,2,182,,
2020,3,28,茨城県,13,770,,
2020,3,28,栃木県,11,377,,
2020,3,28,群馬県,15,240,,
2020,3,28,埼玉県,78,1104,,
2020,3,28,千葉県,126,207,,
2020,3,28,東京都,368,2269,,
2020,3,28,神奈川県,104,276,,
2020,3,28,新潟県,31,977,,
2020,3,28,富山県,0,71,,
2020,3,28,石川県,9,205,,
2020,3,28,福井県,12,144,,
2020,3,28,山梨県,4,426,,
2020,3,28,長野県,6,397,,
2020,3,28,岐阜県,16,420,,
2020,3,28,静岡県,4,660,,
2020,3,28,愛知県,164,2276,,
2020,3,28,三重県,9,408,,
2020,3,28,滋賀県,6,197,,
2020,3,28,京都府,37,1035,,
2020,3,28,大阪府,192,532,,
2020,3,28,兵庫県,125,2142,,
2020,3,28,奈良県,11,263,,
2020,3,28,和歌山県,17,1431,,
2020,3,28,鳥取県,0,146,,
2020,3,28,島根県,0,121,,
2020,3,28,岡山県,3,251,,
2020,3,28,広島県,4,812,,
2020,3,28,山口県,6,270,,
2020,3,28,徳島県,1,110,,
2020,3,28,香川県,1,197,,
2020,3,28,愛媛県,4,234,,
2020,3,28,高知県,13,342,,
2020,3,28,福岡県,21,844,,
2020,3,28,佐賀県,1,129,,
2020,3,28,長崎県,2,292,,
2020,3,28,熊本県,10,674,,
2020,3,28,大分県,27,1489,,
2020,3,28,宮崎県,3,241,,
2020,3,28,鹿児島県,1,219,,
2020,3,28,沖縄県,6,303,,
2020,3,29,北海道,176,1976,,
2020,3,29,青森県,7,132,,
2020,3,29,岩手県,0,50,,
2020,3,29,宮城県,2,188,,
2020,3,29,秋田県,4,211,,
2020,3,29,山形県,0,170,,
2020,3,29,福島県,2,182,,
2020,3,29,茨城県,16,770,,
2020,3,29,栃木県,12,377,,
2020,3,29,群馬県,18,243,,
2020,3,29,埼玉県,83,1105,,
2020,3,29,千葉県,160,237,,
2020,3,29,東京都,436,2269,,
2020,3,29,神奈川県,107,276,,
2020,3,29,新潟県,31,977,,
2020,3,29,富山県,0,72,,
2020,3,29,石川県,9,212,,
2020,3,29,福井県,13,154,,
2020,3,29,山梨県,4,428,,
2020,3,29,長野県,8,397,,
2020,3,29,岐阜県,21,428,,
2020,3,29,静岡県,4,665,,
2020,3,29,愛知県,167,2276,,
2020,3,29,三重県,9,408,,
2020,3,29,滋賀県,6,197,,
2020,3,29,京都府,46,1035,,
2020,3,29,大阪府,209,553,,
2020,3,29,兵庫県,132,2146,,
2020,3,29,奈良県,11,263,,
2020,3,29,和歌山県,17,1433,,
2020,3,29,鳥取県,0,146,,
2020,3,29,島根県,0,128,,
2020,3,29,岡山県,3,251,,
2020,3,29,広島県,6,831,,
2020,3,29,山口県,6,291,,
2020,3,29,徳島県,1,110,,
2020,3,29,香川県,1,212,,
2020,3,29,愛媛県,4,234,,
2020,3,29,高知県,14,353,,
2020,3,29,福岡県,22,853,,
2020,3,29,佐賀県,1,130,,
2020,3,29,長崎県,2,292,,
2020,3,29,熊本県,10,693,,
2020,3,29,大分県,28,1489,,
2020,3,29,宮崎県,3,242,,
2020,3,29,鹿児島県,1,219,,
2020,3,29,沖縄県,8,303,,
2020,3,30,北海道,177,2076,,
2020,3,30,青森県,7,132,,
2020,3,30,岩手県,0,54,,
2020,3,30,宮城県,6,208,,
2020,3,30,秋田県,4,240,,
2020,3,30,山形県,0,198,,
2020,3,30,福島県,2,203,,
2020,3,30,茨城県,20,921,,
2020,3,30,栃木県,12,439,,
2020,3,30,群馬県,18,253,,
2020,3,30,埼玉県,84,1249,,
2020,3,30,千葉県,160,362,,
2020,3,30,東京都,449,2986,,
2020,3,30,神奈川県,115,476,,
2020,3,30,新潟県,31,1024,,
2020,3,30,富山県,1,79,,
2020,3,30,石川県,11,211,,
2020,3,30,福井県,15,160,,
2020,3,30,山梨県,5,454,,
2020,3,30,長野県,8,475,,
2020,3,30,岐阜県,21,629,,
2020,3,30,静岡県,4,701,,
2020,3,30,愛知県,170,2460,,
2020,3,30,三重県,11,437,,
2020,3,30,滋賀県,6,217,,
2020,3,30,京都府,54,1080,,
2020,3,30,大阪府,217,630,,
2020,3,30,兵庫県,136,2399,,
2020,3,30,奈良県,11,292,,
2020,3,30,和歌山県,17,1452,,
2020,3,30,鳥取県,0,169,,
2020,3,30,島根県,0,130,,
2020,3,30,岡山県,4,309,,
2020,3,30,広島県,6,901,,
2020,3,30,山口県,6,257,,
2020,3,30,徳島県,1,123,,
2020,3,30,香川県,1,243,,
2020,3,30,愛媛県,4,250,,
2020,3,30,高知県,15,359,,
2020,3,30,福岡県,23,1033,,
2020,3,30,佐賀県,1,137,,
2020,3,30,長崎県,2,331,,
2020,3,30,熊本県,11,856,,
2020,3,30,大分県,28,1626,,
2020,3,30,宮崎県,3,272,,
2020,3,30,鹿児島県,1,263,,
2020,3,30,沖縄県,9,332,,
2020,3,31,北海道,177,2096,,
2020,3,31,青森県,8,137,,
2020,3,31,岩手県,0,59,,
2020,3,31,宮城県,7,208,,
2020,3,31,秋田県,6,261,,
2020,3,31,山形県,1,222,,
2020,3,31,福島県,4,204,,
2020,3,31,茨城県,24,1028,,
2020,3,31,栃木県,14,456,,
2020,3,31,群馬県,19,289,,
2020,3,31,埼玉県,98,1293,,
2020,3,31,千葉県,164,527,,
2020,3,31,東京都,527,3027,,
2020,3,31,神奈川県,120,614,,
2020,3,31,新潟県,31,1061,,
2020,3,31,富山県,3,90,,
2020,3,31,石川県,13,228,,
2020,3,31,福井県,16,179,,
2020,3,31,山梨県,6,472,,
2020,3,31,長野県,8,506,,
2020,3,31,岐阜県,23,717,,
2020,3,31,静岡県,6,745,,
2020,3,31,愛知県,176,2854,,
2020,3,31,三重県,11,458,,
2020,3,31,滋賀県,7,232,,
2020,3,31,京都府,68,1178,,
2020,3,31,大阪府,245,630,,
2020,3,31,兵庫県,147,2462,,
2020,3,31,奈良県,11,314,,
2020,3,31,和歌山県,17,1479,,
2020,3,31,鳥取県,0,182,,
2020,3,31,島根県,0,136,,
2020,3,31,岡山県,4,321,,
2020,3,31,広島県,6,960,,
2020,3,31,山口県,6,287,,
2020,3,31,徳島県,3,144,,
2020,3,31,香川県,2,243,,
2020,3,31,愛媛県,9,267,,
2020,3,31,高知県,17,389,,
2020,3,31,福岡県,43,1069,,
2020,3,31,佐賀県,2,150,,
2020,3,31,長崎県,2,351,,
2020,3,31,熊本県,14,925,,
2020,3,31,大分県,29,1647,,
2020,3,31,宮崎県,3,284,,
2020,3,31,鹿児島県,1,265,,
2020,3,31,沖縄県,9,356,,
2020,4,1,北海道,182,2096,,
2020,4,1,青森県,8,137,,
2020,4,1,岩手県,0,59,,
2020,4,1,宮城県,7,208,,
2020,4,1,秋田県,6,261,,
2020,4,1,山形県,1,222,,
2020,4,1,福島県,6,204,,
2020,4,1,茨城県,24,1028,,
2020,4,1,栃木県,14,456,,
2020,4,1,群馬県,20,289,,
2020,4,1,埼玉県,101,1293,,
2020,4,1,千葉県,175,527,,
2020,4,1,東京都,593,3027,,
2020,4,1,神奈川県,138,614,,
2020,4,1,新潟県,31,1061,,
2020,4,1,富山県,5,90,,
2020,4,1,石川県,15,228,,
2020,4,1,福井県,22,179,,
2020,4,1,山梨県,8,472,,
2020,4,1,長野県,9,506,,
2020,4,1,岐阜県,22,717,,
2020,4,1,静岡県,6,745,,
2020,4,1,愛知県,181,2854,,
2020,4,1,三重県,11,458,,
2020,4,1,滋賀県,8,232,,
2020,4,1,京都府,71,1178,,
2020,4,1,大阪府,279,630,,
2020,4,1,兵庫県,161,2462,,
2020,4,1,奈良県,15,314,,
2020,4,1,和歌山県,18,1479,,
2020,4,1,鳥取県,0,182,,
2020,4,1,島根県,0,136,,
2020,4,1,岡山県,4,321,,
2020,4,1,広島県,6,960,,
2020,4,1,山口県,6,287,,
2020,4,1,徳島県,3,144,,
2020,4,1,香川県,2,243,,
2020,4,1,愛媛県,9,267,,
2020,4,1,高知県,20,389,,
2020,4,1,福岡県,52,1069,,
2020,4,1,佐賀県,4,150,,
2020,4,1,長崎県,5,351,,
2020,4,1,熊本県,15,925,,
2020,4,1,大分県,29,1647,,
2020,4,1,宮崎県,3,284,,
2020,4,1,鹿児島県,2,265,,
2020,4,1,沖縄県,9,356,,
2020,4,2,北海道,185,2218,,
2020,4,2,青森県,9,160,,
2020,4,2,岩手県,0,73,,
2020,4,2,宮城県,12,244,,
2020,4,2,秋田県,7,321,,
2020,4,2,山形県,1,275,,
2020,4,2,福島県,8,238,,
2020,4,2,茨城県,26,1266,,
2020,4,2,栃木県,14,571,,
2020,4,2,群馬県,20,542,,
2020,4,2,埼玉県,113,1476,,
2020,4,2,千葉県,181,712,,
2020,4,2,東京都,690,3402,,
2020,4,2,神奈川県,153,954,,
2020,4,2,新潟県,31,1139,,
2020,4,2,富山県,8,137,,
2020,4,2,石川県,16,248,,
2020,4,2,福井県,31,233,,
2020,4,2,山梨県,9,579,,
2020,4,2,長野県,9,596,,
2020,4,2,岐阜県,22,806,,
2020,4,2,静岡県,6,957,,
2020,4,2,愛知県,186,3123,,
2020,4,2,三重県,12,507,,
2020,4,2,滋賀県,8,259,,
2020,4,2,京都府,79,1189,,
2020,4,2,大阪府,312,1149,,
2020,4,2,兵庫県,167,2610,,
2020,4,2,奈良県,19,355,,
2020,4,2,和歌山県,20,1531,,
2020,4,2,鳥取県,0,201,,
2020,4,2,島根県,0,152,,
2020,4,2,岡山県,7,365,,
2020,4,2,広島県,6,1023,,
2020,4,2,山口県,6,328,,
2020,4,2,徳島県,3,156,,
2020,4,2,香川県,2,304,,
2020,4,2,愛媛県,11,312,,
2020,4,2,高知県,21,417,,
2020,4,2,福岡県,62,1198,,
2020,4,2,佐賀県,4,153,,
2020,4,2,長崎県,5,429,,
2020,4,2,熊本県,15,1036,,
2020,4,2,大分県,30,1710,,
2020,4,2,宮崎県,3,326,,
2020,4,2,鹿児島県,3,308,,
2020,4,2,沖縄県,9,399,,
2020,4,3,北海道,190,2296,,
2020,4,3,青森県,11,180,,
2020,4,3,岩手県,0,76,,
2020,4,3,宮城県,13,348,,
2020,4,3,秋田県,9,349,,
2020,4,3,山形県,1,369,,
2020,4,3,福島県,9,264,,
2020,4,3,茨城県,54,1383,,
2020,4,3,栃木県,14,657,,
2020,4,3,群馬県,24,860,,
2020,4,3,埼玉県,131,1547,,
2020,4,3,千葉県,192,788,,
2020,4,3,東京都,779,3806,,
2020,4,3,神奈川県,181,1099,,
2020,4,3,新潟県,32,1248,,
2020,4,3,富山県,8,198,,
2020,4,3,石川県,24,264,,
2020,4,3,福井県,40,272,,
2020,4,3,山梨県,9,625,,
2020,4,3,長野県,10,667,,
2020,4,3,岐阜県,39,827,,
2020,4,3,静岡県,8,1006,,
2020,4,3,愛知県,198,2917,,
2020,4,3,三重県,12,598,,
2020,4,3,滋賀県,14,293,,
2020,4,3,京都府,91,1398,,
2020,4,3,大阪府,347,1251,,
2020,4,3,兵庫県,172,2791,,
2020,4,3,奈良県,21,359,,
2020,4,3,和歌山県,21,1571,,
2020,4,3,鳥取県,0,227,,
2020,4,3,島根県,0,158,,
2020,4,3,岡山県,9,390,,
2020,4,3,広島県,8,1023,,
2020,4,3,山口県,7,354,,
2020,4,3,徳島県,3,164,,
2020,4,3,香川県,2,344,,
2020,4,3,愛媛県,11,350,,
2020,4,3,高知県,21,454,,
2020,4,3,福岡県,66,1584,,
2020,4,3,佐賀県,5,184,,
2020,4,3,長崎県,7,505,,
2020,4,3,熊本県,15,1095,,
2020,4,3,大分県,31,1739,,
2020,4,3,宮崎県,4,338,,
2020,4,3,鹿児島県,3,346,,
2020,4,3,沖縄県,9,430,,
2020,4,4,北海道,193,2296,,
2020,4,4,青森県,11,188,,
2020,4,4,岩手県,0,76,,
2020,4,4,宮城県,20,348,,
2020,4,4,秋田県,10,349,,
2020,4,4,山形県,6,369,,
2020,4,4,福島県,14,264,,
2020,4,4,茨城県,59,1383,,
2020,4,4,栃木県,14,657,,
2020,4,4,群馬県,25,866,,
2020,4,4,埼玉県,153,1547,,
2020,4,4,千葉県,219,828,,
2020,4,4,東京都,897,3806,,
2020,4,4,神奈川県,197,1099,,
2020,4,4,新潟県,32,1248,,
2020,4,4,富山県,10,198,,
2020,4,4,石川県,32,264,,
2020,4,4,福井県,44,275,,
2020,4,4,山梨県,11,625,,
2020,4,4,長野県,11,669,,
2020,4,4,岐阜県,43,833,,
2020,4,4,静岡県,10,1006,,
2020,4,4,愛知県,216,2917,,
2020,4,4,三重県,12,598,,
2020,4,4,滋賀県,17,293,,
2020,4,4,京都府,105,1398,,
2020,4,4,大阪府,388,1292,,
2020,4,4,兵庫県,182,2805,,
2020,4,4,奈良県,24,364,,
2020,4,4,和歌山県,21,1579,,
2020,4,4,鳥取県,0,227,,
2020,4,4,島根県,0,161,,
2020,4,4,岡山県,10,390,,
2020,4,4,広島県,13,1040,,
2020,4,4,山口県,7,396,,
2020,4,4,徳島県,3,164,,
2020,4,4,香川県,2,344,,
2020,4,4,愛媛県,12,350,,
2020,4,4,高知県,24,482,,
2020,4,4,福岡県,67,1594,,
2020,4,4,佐賀県,6,184,,
2020,4,4,長崎県,8,505,,
2020,4,4,熊本県,16,1125,,
2020,4,4,大分県,31,1739,,
2020,4,4,宮崎県,4,346,,
2020,4,4,鹿児島県,3,346,,
2020,4,4,沖縄県,9,430,,
2020,4,5,北海道,194,2296,,
2020,4,5,青森県,11,199,,
2020,4,5,岩手県,0,76,,
2020,4,5,宮城県,23,348,,
2020,4,5,秋田県,11,349,,
2020,4,5,山形県,10,369,,
2020,4,5,福島県,16,264,,
2020,4,5,茨城県,64,1383,,
2020,4,5,栃木県,14,657,,
2020,4,5,群馬県,26,866,,
2020,4,5,埼玉県,174,1550,,
2020,4,5,千葉県,238,876,,
2020,4,5,東京都,1040,3806,,
2020,4,5,神奈川県,226,1100,,
2020,4,5,新潟県,32,1248,,
2020,4,5,富山県,10,198,,
2020,4,5,石川県,43,264,,
2020,4,5,福井県,51,310,,
2020,4,5,山梨県,13,625,,
2020,4,5,長野県,12,670,,
2020,4,5,岐阜県,50,842,,
2020,4,5,静岡県,10,1006,,
2020,4,5,愛知県,227,2917,,
2020,4,5,三重県,13,598,,
2020,4,5,滋賀県,18,293,,
2020,4,5,京都府,111,1405,,
2020,4,5,大阪府,409,1311,,
2020,4,5,兵庫県,195,2805,,
2020,4,5,奈良県,25,368,,
2020,4,5,和歌山県,25,1580,,
2020,4,5,鳥取県,0,227,,
2020,4,5,島根県,0,163,,
2020,4,5,岡山県,11,390,,
2020,4,5,広島県,16,1053,,
2020,4,5,山口県,8,409,,
2020,4,5,徳島県,3,164,,
2020,4,5,香川県,2,344,,
2020,4,5,愛媛県,12,350,,
2020,4,5,高知県,31,498,,
2020,4,5,福岡県,109,1595,,
2020,4,5,佐賀県,8,189,,
2020,4,5,長崎県,9,505,,
2020,4,5,熊本県,20,1144,,
2020,4,5,大分県,31,1739,,
2020,4,5,宮崎県,6,356,,
2020,4,5,鹿児島県,3,346,,
2020,4,5,沖縄県,9,430,,
2020,4,6,北海道,194,2445,,
2020,4,6,青森県,11,233,,
2020,4,6,岩手県,0,86,,
2020,4,6,宮城県,26,514,,
2020,4,6,秋田県,11,419,,
2020,4,6,山形県,13,434,,
2020,4,6,福島県,16,328,,
2020,4,6,茨城県,71,1806,,
2020,4,6,栃木県,14,759,,
2020,4,6,群馬県,26,1361,,
2020,4,6,埼玉県,195,1647,,
2020,4,6,千葉県,253,1297,,
2020,4,6,東京都,1123,4422,,
2020,4,6,神奈川県,261,1799,,
2020,4,6,新潟県,32,1345,,
2020,4,6,富山県,11,381,,
2020,4,6,石川県,45,384,,
2020,4,6,福井県,57,335,,
2020,4,6,山梨県,14,749,,
2020,4,6,長野県,14,736,,
2020,4,6,岐阜県,51,966,,
2020,4,6,静岡県,10,1203,,
2020,4,6,愛知県,237,3236,,
2020,4,6,三重県,13,759,,
2020,4,6,滋賀県,18,334,,
2020,4,6,京都府,119,1472,,
2020,4,6,大阪府,429,1751,,
2020,4,6,兵庫県,201,3054,,
2020,4,6,奈良県,26,374,,
2020,4,6,和歌山県,27,1642,,
2020,4,6,鳥取県,0,242,,
2020,4,6,島根県,0,166,,
2020,4,6,岡山県,11,479,,
2020,4,6,広島県,16,1348,,
2020,4,6,山口県,12,449,,
2020,4,6,徳島県,3,174,,
2020,4,6,香川県,2,371,,
2020,4,6,愛媛県,14,407,,
2020,4,6,高知県,34,565,,
2020,4,6,福岡県,113,2415,,
2020,4,6,佐賀県,8,223,,
2020,4,6,長崎県,9,665,,
2020,4,6,熊本県,20,1420,,
2020,4,6,大分県,32,1843,,
2020,4,6,宮崎県,7,425,,
2020,4,6,鹿児島県,3,414,,
2020,4,6,沖縄県,15,480,,
2020,4,7,北海道,198,2476,,
2020,4,7,青森県,11,249,,
2020,4,7,岩手県,0,104,,
2020,4,7,宮城県,27,609,,
2020,4,7,秋田県,11,443,,
2020,4,7,山形県,19,527,,
2020,4,7,福島県,24,346,,
2020,4,7,茨城県,77,1927,,
2020,4,7,栃木県,15,784,,
2020,4,7,群馬県,29,1380,,
2020,4,7,埼玉県,209,1776,,
2020,4,7,千葉県,284,1297,,
2020,4,7,東京都,1203,4757,,
2020,4,7,神奈川県,279,1996,,
2020,4,7,新潟県,34,1413,,
2020,4,7,富山県,12,435,,
2020,4,7,石川県,51,430,,
2020,4,7,福井県,57,378,,
2020,4,7,山梨県,19,828,,
2020,4,7,長野県,14,762,,
2020,4,7,岐阜県,51,988,,
2020,4,7,静岡県,10,1221,,
2020,4,7,愛知県,258,3295,,
2020,4,7,三重県,13,781,,
2020,4,7,滋賀県,18,379,,
2020,4,7,京都府,139,1683,,
2020,4,7,大阪府,482,1792,,
2020,4,7,兵庫県,216,3151,,
2020,4,7,奈良県,28,452,,
2020,4,7,和歌山県,28,1702,,
2020,4,7,鳥取県,0,249,,
2020,4,7,島根県,0,170,,
2020,4,7,岡山県,12,496,,
2020,4,7,広島県,19,1380,,
2020,4,7,山口県,13,455,,
2020,4,7,徳島県,3,193,,
2020,4,7,香川県,2,398,,
2020,4,7,愛媛県,23,418,,
2020,4,7,高知県,36,591,,
2020,4,7,福岡県,136,2718,,
2020,4,7,佐賀県,9,245,,
2020,4,7,長崎県,9,709,,
2020,4,7,熊本県,21,1461,,
2020,4,7,大分県,32,1862,,
2020,4,7,宮崎県,7,453,,
2020,4,7,鹿児島県,3,449,,
2020,4,7,沖縄県,27,521,,
2020,4,8,北海道,208,2488,,
2020,4,8,青森県,12,260,,
2020,4,8,岩手県,0,119,,
2020,4,8,宮城県,34,558,,
2020,4,8,秋田県,11,463,,
2020,4,8,山形県,22,663,,
2020,4,8,福島県,29,412,,
2020,4,8,茨城県,77,1927,,
2020,4,8,栃木県,21,831,,
2020,4,8,群馬県,29,1423,,
2020,4,8,埼玉県,242,1839,,
2020,4,8,千葉県,317,1500,,
2020,4,8,東京都,1347,4992,,
2020,4,8,神奈川県,327,2203,,
2020,4,8,新潟県,37,1462,,
2020,4,8,富山県,14,499,,
2020,4,8,石川県,66,472,,
2020,4,8,福井県,67,407,,
2020,4,8,山梨県,22,887,,
2020,4,8,長野県,19,783,,
2020,4,8,岐阜県,69,1046,,
2020,4,8,静岡県,15,1295,,
2020,4,8,愛知県,278,3467,,
2020,4,8,三重県,13,824,,
2020,4,8,滋賀県,24,409,,
2020,4,8,京都府,149,1787,,
2020,4,8,大阪府,525,1792,,
2020,4,8,兵庫県,216,3327,,
2020,4,8,奈良県,30,482,,
2020,4,8,和歌山県,29,1756,,
2020,4,8,鳥取県,0,258,,
2020,4,8,島根県,0,185,,
2020,4,8,岡山県,15,534,,
2020,4,8,広島県,23,1486,,
2020,4,8,山口県,17,513,,
2020,4,8,徳島県,3,206,,
2020,4,8,香川県,3,415,,
2020,4,8,愛媛県,25,450,,
2020,4,8,高知県,37,646,,
2020,4,8,福岡県,161,3106,,
2020,4,8,佐賀県,11,271,,
2020,4,8,長崎県,12,813,,
2020,4,8,熊本県,23,1552,,
2020,4,8,大分県,41,1907,,
2020,4,8,宮崎県,12,498,,
2020,4,8,鹿児島県,3,483,,
2020,4,8,沖縄県,32,588,,
2020,4,9,北海道,226,2488,,
2020,4,9,青森県,14,278,,
2020,4,9,岩手県,0,127,,
2020,4,9,宮城県,36,558,,
2020,4,9,秋田県,11,484,,
2020,4,9,山形県,27,663,,
2020,4,9,福島県,33,482,,
2020,4,9,茨城県,81,2140,,
2020,4,9,栃木県,31,871,,
2020,4,9,群馬県,33,1466,,
2020,4,9,埼玉県,271,1934,,
2020,4,9,千葉県,342,1500,,
2020,4,9,東京都,1528,4992,,
2020,4,9,神奈川県,375,2203,,
2020,4,9,新潟県,39,1443,,
2020,4,9,富山県,16,602,,
2020,4,9,石川県,72,494,,
2020,4,9,福井県,72,455,,
2020,4,9,山梨県,24,946,,
2020,4,9,長野県,21,841,,
2020,4,9,岐阜県,76,1110,,
2020,4,9,静岡県,16,1389,,
2020,4,9,愛知県,299,3467,,
2020,4,9,三重県,15,861,,
2020,4,9,滋賀県,26,453,,
2020,4,9,京都府,159,1867,,
2020,4,9,大阪府,589,1792,,
2020,4,9,兵庫県,273,3496,,
2020,4,9,奈良県,34,509,,
2020,4,9,和歌山県,32,1756,,
2020,4,9,鳥取県,0,277,,
2020,4,9,島根県,1,191,,
2020,4,9,岡山県,16,564,,
2020,4,9,広島県,25,1638,,
2020,4,9,山口県,17,528,,
2020,4,9,徳島県,3,217,,
2020,4,9,香川県,3,441,,
2020,4,9,愛媛県,26,485,,
2020,4,9,高知県,47,709,,
2020,4,9,福岡県,187,3873,,
2020,4,9,佐賀県,11,334,,
2020,4,9,長崎県,14,880,,
2020,4,9,熊本県,23,1639,,
2020,4,9,大分県,41,2035,,
2020,4,9,宮崎県,16,545,,
2020,4,9,鹿児島県,3,483,,
2020,4,9,沖縄県,42,619,,
2020,4,10,北海道,239,2690,,
2020,4,10,青森県,14,313,,
2020,4,10,岩手県,0,136,,
2020,4,10,宮城県,37,660,,
2020,4,10,秋田県,12,491,,
2020,4,10,山形県,27,782,,
2020,4,10,福島県,36,541,,
2020,4,10,茨城県,82,2221,,
2020,4,10,栃木県,31,1003,,
2020,4,10,群馬県,35,1490,,
2020,4,10,埼玉県,325,1973,,
2020,4,10,千葉県,375,1691,,
2020,4,10,東京都,1717,5660,,
2020,4,10,神奈川県,425,2600,,
2020,4,10,新潟県,41,1587,,
2020,4,10,富山県,23,639,,
2020,4,10,石川県,92,562,,
2020,4,10,福井県,76,511,,
2020,4,10,山梨県,27,1013,,
2020,4,10,長野県,28,892,,
2020,4,10,岐阜県,82,1182,,
2020,4,10,静岡県,34,1426,,
2020,4,10,愛知県,313,3990,,
2020,4,10,三重県,15,906,,
2020,4,10,滋賀県,34,487,,
2020,4,10,京都府,168,1968,,
2020,4,10,大阪府,697,2133,,
2020,4,10,兵庫県,316,3691,,
2020,4,10,奈良県,37,523,,
2020,4,10,和歌山県,33,1877,,
2020,4,10,鳥取県,1,299,,
2020,4,10,島根県,2,205,,
2020,4,10,岡山県,16,595,,
2020,4,10,広島県,25,1714,,
2020,4,10,山口県,17,557,,
2020,4,10,徳島県,3,228,,
2020,4,10,香川県,4,480,,
2020,4,10,愛媛県,28,545,,
2020,4,10,高知県,52,781,,
2020,4,10,福岡県,224,4109,,
2020,4,10,佐賀県,12,356,,
2020,4,10,長崎県,14,933,,
2020,4,10,熊本県,23,1693,,
2020,4,10,大分県,42,2070,,
2020,4,10,宮崎県,16,585,,
2020,4,10,鹿児島県,3,523,,
2020,4,10,沖縄県,49,680,,
2020,4,11,北海道,255,2836,,
2020,4,11,青森県,22,313,,
2020,4,11,岩手県,0,136,,
2020,4,11,宮城県,46,660,,
2020,4,11,秋田県,13,491,,
2020,4,11,山形県,32,782,,
2020,4,11,福島県,37,541,,
2020,4,11,茨城県,91,2221,,
2020,4,11,栃木県,32,1003,,
2020,4,11,群馬県,79,1495,,
2020,4,11,埼玉県,345,2216,,
2020,4,11,千葉県,411,1743,,
2020,4,11,東京都,1914,5660,,
2020,4,11,神奈川県,465,2604,,
2020,4,11,新潟県,41,1587,,
2020,4,11,富山県,23,646,,
2020,4,11,石川県,104,562,,
2020,4,11,福井県,86,515,,
2020,4,11,山梨県,32,1013,,
2020,4,11,長野県,28,899,,
2020,4,11,岐阜県,91,1185,,
2020,4,11,静岡県,39,1426,,
2020,4,11,愛知県,317,3990,,
2020,4,11,三重県,17,906,,
2020,4,11,滋賀県,38,487,,
2020,4,11,京都府,181,1968,,
2020,4,11,大阪府,767,2362,,
2020,4,11,兵庫県,358,3830,,
2020,4,11,奈良県,39,539,,
2020,4,11,和歌山県,33,1989,,
2020,4,11,鳥取県,1,299,,
2020,4,11,島根県,6,205,,
2020,4,11,岡山県,16,595,,
2020,4,11,広島県,31,1754,,
2020,4,11,山口県,19,557,,
2020,4,11,徳島県,3,228,,
2020,4,11,香川県,4,480,,
2020,4,11,愛媛県,30,545,,
2020,4,11,高知県,54,814,,
2020,4,11,福岡県,332,4137,,
2020,4,11,佐賀県,12,367,,
2020,4,11,長崎県,14,933,,
2020,4,11,熊本県,23,1728,,
2020,4,11,大分県,42,2070,,
2020,4,11,宮崎県,17,612,,
2020,4,11,鹿児島県,4,523,,
2020,4,11,沖縄県,49,680,,
2020,4,12,北海道,267,2836,,
2020,4,12,青森県,22,313,,
2020,4,12,岩手県,0,136,,
2020,4,12,宮城県,52,660,,
2020,4,12,秋田県,15,491,,
2020,4,12,山形県,34,782,,
2020,4,12,福島県,38,541,,
2020,4,12,茨城県,109,2221,,
2020,4,12,栃木県,35,1003,,
2020,4,12,群馬県,90,1495,,
2020,4,12,埼玉県,386,2216,,
2020,4,12,千葉県,455,1743,,
2020,4,12,東京都,2080,5660,,
2020,4,12,神奈川県,478,2604,,
2020,4,12,新潟県,42,1587,,
2020,4,12,富山県,30,646,,
2020,4,12,石川県,113,562,,
2020,4,12,福井県,88,515,,
2020,4,12,山梨県,35,1013,,
2020,4,12,長野県,29,899,,
2020,4,12,岐阜県,105,1185,,
2020,4,12,静岡県,41,1426,,
2020,4,12,愛知県,319,3990,,
2020,4,12,三重県,17,906,,
2020,4,12,滋賀県,38,487,,
2020,4,12,京都府,193,1968,,
2020,4,12,大阪府,812,2362,,
2020,4,12,兵庫県,375,3830,,
2020,4,12,奈良県,41,539,,
2020,4,12,和歌山県,34,1989,,
2020,4,12,鳥取県,1,299,,
2020,4,12,島根県,7,205,,
2020,4,12,岡山県,16,595,,
2020,4,12,広島県,56,1754,,
2020,4,12,山口県,23,557,,
2020,4,12,徳島県,3,228,,
2020,4,12,香川県,8,480,,
2020,4,12,愛媛県,30,545,,
2020,4,12,高知県,60,814,,
2020,4,12,福岡県,362,4137,,
2020,4,12,佐賀県,13,367,,
2020,4,12,長崎県,14,933,,
2020,4,12,熊本県,28,1728,,
2020,4,12,大分県,42,2070,,
2020,4,12,宮崎県,17,612,,
2020,4,12,鹿児島県,4,523,,
2020,4,12,沖縄県,66,680,,
2020,4,13,北海道,272,3257,,
2020,4,13,青森県,22,391,,
2020,4,13,岩手県,0,155,,
2020,4,13,宮城県,54,816,,
2020,4,13,秋田県,15,555,,
2020,4,13,山形県,35,932,,
2020,4,13,福島県,38,701,,
2020,4,13,茨城県,110,2501,,
2020,4,13,栃木県,36,1082,,
2020,4,13,群馬県,91,1717,,
2020,4,13,埼玉県,414,2415,,
2020,4,13,千葉県,474,2329,,
2020,4,13,東京都,2171,6327,,
2020,4,13,神奈川県,572,3116,,
2020,4,13,新潟県,42,1670,,
2020,4,13,富山県,49,910,,
2020,4,13,石川県,121,718,,
2020,4,13,福井県,92,710,,
2020,4,13,山梨県,35,1157,,
2020,4,13,長野県,34,1068,,
2020,4,13,岐阜県,112,1442,,
2020,4,13,静岡県,46,1606,,
2020,4,13,愛知県,328,4201,,
2020,4,13,三重県,17,995,,
2020,4,13,滋賀県,40,552,,
2020,4,13,京都府,205,2225,,
2020,4,13,大阪府,836,3073,,
2020,4,13,兵庫県,384,4250,,
2020,4,13,奈良県,44,618,,
2020,4,13,和歌山県,34,2092,,
2020,4,13,鳥取県,1,378,,
2020,4,13,島根県,8,366,,
2020,4,13,岡山県,16,669,,
2020,4,13,広島県,57,2091,,
2020,4,13,山口県,24,657,,
2020,4,13,徳島県,3,236,,
2020,4,13,香川県,16,546,,
2020,4,13,愛媛県,37,631,,
2020,4,13,高知県,60,913,,
2020,4,13,福岡県,373,5051,,
2020,4,13,佐賀県,13,405,,
2020,4,13,長崎県,14,1106,,
2020,4,13,熊本県,28,1877,,
2020,4,13,大分県,43,2161,,
2020,4,13,宮崎県,17,703,,
2020,4,13,鹿児島県,4,614,,
2020,4,13,沖縄県,72,816,,
2020,4,14,北海道,279,3297,,
2020,4,14,青森県,22,410,,
2020,4,14,岩手県,0,170,,
2020,4,14,宮城県,64,852,,
2020,4,14,秋田県,16,603,,
2020,4,14,山形県,39,1055,,
2020,4,14,福島県,39,706,,
2020,4,14,茨城県,116,2719,,
2020,4,14,栃木県,38,1121,,
2020,4,14,群馬県,97,1787,,
2020,4,14,埼玉県,433,3056,,
2020,4,14,千葉県,490,2447,,
2020,4,14,東京都,2332,6563,,
2020,4,14,神奈川県,594,3306,,
2020,4,14,新潟県,45,1787,,
2020,4,14,富山県,54,956,,
2020,4,14,石川県,131,778,,
2020,4,14,福井県,92,765,,
2020,4,14,山梨県,36,1205,,
2020,4,14,長野県,35,1106,,
2020,4,14,岐阜県,127,1519,,
2020,4,14,静岡県,46,1647,,
2020,4,14,愛知県,338,4250,,
2020,4,14,三重県,19,1002,,
2020,4,14,滋賀県,51,599,,
2020,4,14,京都府,210,2275,,
2020,4,14,大阪府,895,3140,,
2020,4,14,兵庫県,403,4403,,
2020,4,14,奈良県,47,641,,
2020,4,14,和歌山県,35,2119,,
2020,4,14,鳥取県,1,432,,
2020,4,14,島根県,10,442,,
2020,4,14,岡山県,16,688,,
2020,4,14,広島県,66,2276,,
2020,4,14,山口県,25,738,,
2020,4,14,徳島県,3,248,,
2020,4,14,香川県,20,637,,
2020,4,14,愛媛県,39,653,,
2020,4,14,高知県,60,935,,
2020,4,14,福岡県,403,5195,,
2020,4,14,佐賀県,15,422,,
2020,4,14,長崎県,14,1142,,
2020,4,14,熊本県,29,1944,,
2020,4,14,大分県,43,2172,,
2020,4,14,宮崎県,17,733,,
2020,4,14,鹿児島県,4,628,,
2020,4,14,沖縄県,76,856,,
2020,4,15,北海道,302,3473,,
2020,4,15,青森県,22,433,,
2020,4,15,岩手県,0,181,,
2020,4,15,宮城県,65,992,,
2020,4,15,秋田県,16,666,,
2020,4,15,山形県,45,1118,,
2020,4,15,福島県,40,786,,
2020,4,15,茨城県,119,2883,,
2020,4,15,栃木県,39,1167,,
2020,4,15,群馬県,107,1866,,
2020,4,15,埼玉県,479,3635,,
2020,4,15,千葉県,525,2688,,
2020,4,15,東京都,2457,6654,,
2020,4,15,神奈川県,614,3476,,
2020,4,15,新潟県,46,1874,,
2020,4,15,富山県,54,1021,,
2020,4,15,石川県,140,826,,
2020,4,15,福井県,100,865,,
2020,4,15,山梨県,39,1295,,
2020,4,15,長野県,36,1159,,
2020,4,15,岐阜県,128,1626,,
2020,4,15,静岡県,47,1790,,
2020,4,15,愛知県,350,4784,,
2020,4,15,三重県,20,1039,,
2020,4,15,滋賀県,52,636,,
2020,4,15,京都府,215,2362,,
2020,4,15,大阪府,969,3504,,
2020,4,15,兵庫県,423,4640,,
2020,4,15,奈良県,53,676,,
2020,4,15,和歌山県,37,2197,,
2020,4,15,鳥取県,1,446,,
2020,4,15,島根県,13,517,,
2020,4,15,岡山県,16,722,,
2020,4,15,広島県,67,2334,,
2020,4,15,山口県,28,773,,
2020,4,15,徳島県,3,259,,
2020,4,15,香川県,20,721,,
2020,4,15,愛媛県,40,680,,
2020,4,15,高知県,62,1007,,
2020,4,15,福岡県,433,5667,,
2020,4,15,佐賀県,17,451,,
2020,4,15,長崎県,15,1221,,
2020,4,15,熊本県,31,2056,,
2020,4,15,大分県,50,2239,,
2020,4,15,宮崎県,17,790,,
2020,4,15,鹿児島県,4,699,,
2020,4,15,沖縄県,86,931,,
2020,4,16,北海道,336,3625,,
2020,4,16,青森県,22,447,,
2020,4,16,岩手県,0,205,,
2020,4,16,宮城県,75,1109,,
2020,4,16,秋田県,16,688,,
2020,4,16,山形県,50,1276,,
2020,4,16,福島県,49,924,,
2020,4,16,茨城県,123,2883,,
2020,4,16,栃木県,42,1233,,
2020,4,16,群馬県,109,1924,,
2020,4,16,埼玉県,535,3836,,
2020,4,16,千葉県,539,3006,,
2020,4,16,東京都,2606,6814,,
2020,4,16,神奈川県,673,3682,,
2020,4,16,新潟県,47,1910,,
2020,4,16,富山県,65,1177,,
2020,4,16,石川県,146,903,,
2020,4,16,福井県,103,918,,
2020,4,16,山梨県,43,1367,,
2020,4,16,長野県,45,1219,,
2020,4,16,岐阜県,132,1727,,
2020,4,16,静岡県,48,1867,,
2020,4,16,愛知県,364,5008,,
2020,4,16,三重県,26,1092,,
2020,4,16,滋賀県,57,715,,
2020,4,16,京都府,225,2464,,
2020,4,16,大阪府,1021,3903,,
2020,4,16,兵庫県,453,4851,,
2020,4,16,奈良県,54,733,,
2020,4,16,和歌山県,38,2239,,
2020,4,16,鳥取県,1,477,,
2020,4,16,島根県,14,558,,
2020,4,16,岡山県,18,748,,
2020,4,16,広島県,118,2733,,
2020,4,16,山口県,29,885,,
2020,4,16,徳島県,3,277,,
2020,4,16,香川県,21,833,,
2020,4,16,愛媛県,41,708,,
2020,4,16,高知県,62,1039,,
2020,4,16,福岡県,459,6110,,
2020,4,16,佐賀県,15,489,,
2020,4,16,長崎県,16,1258,,
2020,4,16,熊本県,31,2131,,
2020,4,16,大分県,50,2325,,
2020,4,16,宮崎県,17,802,,
2020,4,16,鹿児島県,4,657,,
2020,4,16,沖縄県,86,1025,,
2020,4,17,北海道,370,3735,9.9%,
2020,4,17,青森,22,468,4.7%,
2020,4,17,岩手,0,212,0.0%,
2020,4,17,宮城,79,1203,6.6%,
2020,4,17,秋田,16,706,2.3%,
2020,4,17,山形,58,1415,4.1%,
2020,4,17,福島,52,924,5.6%,
2020,4,17,茨城,131,3159,4.1%,
2020,4,17,栃木,44,1328,3.3%,
2020,4,17,群馬,114,1959,5.8%,
2020,4,17,埼玉,575,3836,15.0%,
2020,4,17,千葉,609,3286,17.2%,564
2020,4,17,東京,2807,7244,38.7%,
2020,4,17,神奈川,710,3888,16.5%,640
2020,4,17,新潟,53,2024,2.6%,
2020,4,17,富山,69,1274,5.4%,
2020,4,17,石川,160,977,16.4%,
2020,4,17,福井,104,955,10.9%,
2020,4,17,山梨,46,1435,3.2%,
2020,4,17,長野,47,1271,3.7%,
2020,4,17,岐阜,136,1892,7.2%,
2020,4,17,静岡,51,2011,2.5%,
2020,4,17,愛知,374,5008,7.5%,
2020,4,17,三重,32,1144,2.8%,
2020,4,17,滋賀,68,760,8.9%,
2020,4,17,京都,235,2565,9.2%,
2020,4,17,大阪,1076,4373,21.7%,951
2020,4,17,兵庫,480,5060,9.5%,
2020,4,17,奈良,56,777,7.2%,
2020,4,17,和歌山,39,2263,1.7%,
2020,4,17,鳥取,1,543,0.2%,
2020,4,17,島根,15,606,2.5%,
2020,4,17,岡山,18,775,2.3%,
2020,4,17,広島,124,2733,4.5%,
2020,4,17,山口,30,977,3.1%,
2020,4,17,徳島,3,298,1.0%,
2020,4,17,香川,24,967,2.5%,
2020,4,17,愛媛,41,708,5.8%,
2020,4,17,高知,63,1039,6.1%,
2020,4,17,福岡,476,6414,7.4%,
2020,4,17,佐賀,16,513,3.1%,
2020,4,17,長崎,17,1325,1.3%,
2020,4,17,熊本,35,2204,1.6%,
2020,4,17,大分,54,2399,2.3%,
2020,4,17,宮崎,17,841,2.0%,
2020,4,17,鹿児島,6,732,0.8%,
2020,4,17,沖縄,101,1030,9.8%,
2020,4,18,北海道,407,3768,10.8%,
2020,4,18,青森,22,483,4.6%,
2020,4,18,岩手,0,212,0.0%,
2020,4,18,宮城,83,1203,6.9%,
2020,4,18,秋田,16,706,2.3%,
2020,4,18,山形,60,1415,4.2%,
2020,4,18,福島,60,924,6.5%,
2020,4,18,茨城,135,3159,4.3%,
2020,4,18,栃木,44,1330,3.3%,
2020,4,18,群馬,120,1970,6.1%,
2020,4,18,埼玉,610,3836,15.9%,
2020,4,18,千葉,643,3308,18.1%,598
2020,4,18,東京,2988,7244,41.2%,
2020,4,18,神奈川,754,3911,17.5%,684
2020,4,18,新潟,56,2024,2.8%,
2020,4,18,富山,79,1274,6.2%,
2020,4,18,石川,173,977,17.7%,
2020,4,18,福井,106,955,11.1%,
2020,4,18,山梨,48,1435,3.3%,
2020,4,18,長野,47,1273,3.7%,
2020,4,18,岐阜,137,1892,7.2%,
2020,4,18,静岡,50,2011,2.5%,
2020,4,18,愛知,391,5008,7.8%,
2020,4,18,三重,35,1144,3.1%,
2020,4,18,滋賀,70,760,9.2%,
2020,4,18,京都,242,2565,9.4%,
2020,4,18,大阪,1164,4383,23.7%,1039
2020,4,18,兵庫,502,5070,9.9%,
2020,4,18,奈良,60,777,7.7%,
2020,4,18,和歌山,40,2274,1.8%,
2020,4,18,鳥取,3,543,0.6%,
2020,4,18,島根,15,649,2.3%,
2020,4,18,岡山,18,775,2.3%,
2020,4,18,広島,129,2764,4.7%,
2020,4,18,山口,30,1027,2.9%,
2020,4,18,徳島,3,298,1.0%,
2020,4,18,香川,24,967,2.5%,
2020,4,18,愛媛,44,708,6.2%,
2020,4,18,高知,64,1084,5.9%,
2020,4,18,福岡,500,6442,7.8%,
2020,4,18,佐賀,16,583,2.7%,
2020,4,18,長崎,17,1325,1.3%,
2020,4,18,熊本,35,2208,1.6%,
2020,4,18,大分,54,2426,2.2%,
2020,4,18,宮崎,17,841,2.0%,
2020,4,18,鹿児島,7,734,1.0%,
2020,4,18,沖縄,101,1030,9.8%,
2020,4,19,北海道,434,3987,10.9%,
2020,4,19,青森,22,494,4.5%,
2020,4,19,岩手,0,234,0.0%,
2020,4,19,宮城,83,1203,6.9%,
2020,4,19,秋田,16,706,2.3%,
2020,4,19,山形,61,1415,4.3%,
2020,4,19,福島,62,1075,5.8%,
2020,4,19,茨城,139,3159,4.4%,
2020,4,19,栃木,46,1330,3.5%,
2020,4,19,群馬,122,1973,6.2%,
2020,4,19,埼玉,642,4618,13.9%,
2020,4,19,千葉,661,3411,18.1%,616
2020,4,19,東京,3095,7726,40.1%,
2020,4,19,神奈川,784,3912,18.3%,714
2020,4,19,新潟,56,2024,2.8%,
2020,4,19,富山,92,1274,7.2%,
2020,4,19,石川,178,977,18.2%,
2020,4,19,福井,112,955,11.7%,
2020,4,19,山梨,49,1435,3.4%,
2020,4,19,長野,52,1273,4.1%,
2020,4,19,岐阜,139,1892,7.3%,
2020,4,19,静岡,52,2040,2.5%,
2020,4,19,愛知,401,5175,7.7%,
2020,4,19,三重,36,1144,3.1%,
2020,4,19,滋賀,71,760,9.3%,
2020,4,19,京都,251,2565,9.8%,
2020,4,19,大阪,1212,4535,24.0%,1087
2020,4,19,兵庫,513,5280,9.7%,
2020,4,19,奈良,62,777,8.0%,
2020,4,19,和歌山,46,2312,2.0%,
2020,4,19,鳥取,3,543,0.6%,
2020,4,19,島根,16,680,2.4%,
2020,4,19,岡山,19,887,2.1%,
2020,4,19,広島,132,3010,4.4%,
2020,4,19,山口,30,1049,2.9%,
2020,4,19,徳島,3,336,0.9%,
2020,4,19,香川,25,967,2.6%,
2020,4,19,愛媛,45,708,6.4%,
2020,4,19,高知,68,1131,6.0%,
2020,4,19,福岡,516,6447,8.0%,
2020,4,19,佐賀,17,594,2.9%,
2020,4,19,長崎,17,1325,1.3%,
2020,4,19,熊本,39,2274,1.7%,
2020,4,19,大分,54,2426,2.2%,
2020,4,19,宮崎,17,841,2.0%,
2020,4,19,鹿児島,8,734,1.1%,
2020,4,19,沖縄,110,1213,9.1%,
2020,4,20,北海道,451,4245,10.60%,
2020,4,20,青森,22,474,4.60%,
2020,4,20,岩手,0,236,0.00%,
2020,4,20,宮城,84,1369,6.10%,
2020,4,20,秋田,16,736,2.20%,
2020,4,20,山形,64,1597,4.00%,
2020,4,20,福島,64,1131,5.70%,
2020,4,20,茨城,143,3343,4.30%,
2020,4,20,栃木,49,1481,3.30%,
2020,4,20,群馬,124,2103,5.90%,
2020,4,20,埼玉,662,4732,14.00%,
2020,4,20,千葉,683,3803,16.80%,638
2020,4,20,東京,3197,8198,39.00%,
2020,4,20,神奈川,802,3912,18.70%,732
2020,4,20,新潟,56,2107,2.70%,
2020,4,20,富山,114,1454,7.80%,
2020,4,20,石川,180,1115,16.10%,
2020,4,20,福井,113,1054,10.70%,
2020,4,20,山梨,49,1653,3.00%,
2020,4,20,長野,52,1401,3.70%,
2020,4,20,岐阜,139,2119,6.60%,
2020,4,20,静岡,52,2089,2.50%,
2020,4,20,愛知,406,5535,7.30%,
2020,4,20,三重,39,1397,2.80%,
2020,4,20,滋賀,72,776,9.30%,
2020,4,20,京都,259,2811,9.20%,
2020,4,20,大阪,1297,4938,23.70%,1172
2020,4,20,兵庫,524,5610,9.30%,
2020,4,20,奈良,64,919,7.00%,
2020,4,20,和歌山,46,2339,2.00%,
2020,4,20,鳥取,3,711,0.40%,
2020,4,20,島根,16,681,2.30%,
2020,4,20,岡山,19,930,2.00%,
2020,4,20,広島,137,3010,4.60%,
2020,4,20,山口,30,1119,2.70%,
2020,4,20,徳島,3,336,0.90%,
2020,4,20,香川,26,967,2.70%,
2020,4,20,愛媛,46,844,5.50%,
2020,4,20,高知,69,1167,5.90%,
2020,4,20,福岡,524,7263,7.20%,
2020,4,20,佐賀,17,587,2.90%,
2020,4,20,長崎,18,1461,1.20%,
2020,4,20,熊本,40,2350,1.70%,
2020,4,20,大分,55,2657,2.10%,
2020,4,20,宮崎,17,925,1.80%,
2020,4,20,鹿児島,10,841,1.20%,
2020,4,20,沖縄,121,1292,9.40%,
2020,4,21,北海道,473,4554,10.4%,
2020,4,21,青森,22,487,4.5%,
2020,4,21,岩手,0,242,0.0%,
2020,4,21,宮城,84,1387,6.1%,
2020,4,21,秋田,16,753,2.1%,
2020,4,21,山形,64,1657,3.9%,
2020,4,21,福島,64,1230,5.2%,
2020,4,21,茨城,146,3571,4.1%,
2020,4,21,栃木,51,1537,3.3%,
2020,4,21,群馬,131,2163,6.1%,
2020,4,21,埼玉,681,5119,13.3%,
2020,4,21,千葉,704,4061,16.2%,659
2020,4,21,東京,3320,8435,39.4%,
2020,4,21,神奈川,816,4745,15.7%,746
2020,4,21,新潟,58,2217,2.6%,
2020,4,21,富山,115,1515,7.6%,
2020,4,21,石川,190,1181,16.1%,
2020,4,21,福井,118,1099,10.7%,
2020,4,21,山梨,50,1703,2.9%,
2020,4,21,長野,54,1417,3.8%,
2020,4,21,岐阜,140,2143,6.5%,
2020,4,21,静岡,53,2221,2.4%,
2020,4,21,愛知,422,5535,7.6%,
2020,4,21,三重,41,1436,2.9%,
2020,4,21,滋賀,76,937,8.1%,
2020,4,21,京都,264,2883,9.2%,
2020,4,21,大阪,1351,5368,22.8%,1226
2020,4,21,兵庫,546,5714,9.6%,
2020,4,21,奈良,73,1020,7.2%,
2020,4,21,和歌山,47,2381,2.0%,
2020,4,21,鳥取,3,794,0.4%,
2020,4,21,島根,16,697,2.3%,
2020,4,21,岡山,19,992,1.9%,
2020,4,21,広島,138,3583,3.9%,
2020,4,21,山口,31,1130,2.7%,
2020,4,21,徳島,5,341,1.5%,
2020,4,21,香川,26,1273,2.0%,
2020,4,21,愛媛,47,893,5.3%,
2020,4,21,高知,69,1181,5.8%,
2020,4,21,福岡,539,7311,7.4%,
2020,4,21,佐賀,17,602,2.8%,
2020,4,21,長崎,17,1551,1.1%,
2020,4,21,熊本,41,2465,1.7%,
2020,4,21,大分,60,2691,2.2%,
2020,4,21,宮崎,17,943,1.8%,
2020,4,21,鹿児島,10,852,1.2%,
2020,4,21,沖縄,125,1420,8.8%,
2020,4,22,北海道,495,4803,10.3%,
2020,4,22,青森,22,501,4.4%,
2020,4,22,岩手,0,256,0.0%,
2020,4,22,宮城,84,1438,5.8%,
2020,4,22,秋田,16,767,2.1%,
2020,4,22,山形,65,1759,3.7%,
2020,4,22,福島,65,1238,5.3%,
2020,4,22,茨城,151,3687,4.1%,
2020,4,22,栃木,52,1560,3.3%,
2020,4,22,群馬,131,2290,5.7%,
2020,4,22,埼玉,714,5432,13.1%,
2020,4,22,千葉,725,4284,15.9%,680
2020,4,22,東京,3452,8959,38.5%,
2020,4,22,神奈川,841,4628,16.7%,771
2020,4,22,新潟,61,2283,2.7%,
2020,4,22,富山,115,1633,7.0%,
2020,4,22,石川,199,1244,16.0%,
2020,4,22,福井,119,1233,9.7%,
2020,4,22,山梨,51,1813,2.8%,
2020,4,22,長野,56,1468,3.8%,
2020,4,22,岐阜,143,2197,6.5%,
2020,4,22,静岡,57,2292,2.5%,
2020,4,22,愛知,441,6033,7.3%,
2020,4,22,三重,43,1494,2.9%,
2020,4,22,滋賀,88,971,9.1%,
2020,4,22,京都,275,2906,9.5%,
2020,4,22,大阪,1382,5798,21.7%,1257
2020,4,22,兵庫,563,5972,9.4%,
2020,4,22,奈良,75,1071,7.0%,
2020,4,22,和歌山,49,2422,2.0%,
2020,4,22,鳥取,3,823,0.4%,
2020,4,22,島根,16,719,2.2%,
2020,4,22,岡山,19,908,2.1%,
2020,4,22,広島,139,3783,3.7%,
2020,4,22,山口,31,1144,2.7%,
2020,4,22,徳島,5,353,1.4%,
2020,4,22,香川,26,1350,1.9%,
2020,4,22,愛媛,47,938,5.0%,
2020,4,22,高知,70,1230,5.7%,
2020,4,22,福岡,560,7467,7.5%,
2020,4,22,佐賀,18,636,2.8%,
2020,4,22,長崎,16,1612,1.0%,
2020,4,22,熊本,41,2518,1.6%,
2020,4,22,大分,60,2752,2.2%,
2020,4,22,宮崎,17,965,1.8%,
2020,4,22,鹿児島,10,895,1.1%,
2020,4,22,沖縄,130,1583,8.2%,
2020,4,23,北海道,540,5112,10.6%,
2020,4,23,青森,22,506,4.3%,
2020,4,23,岩手,0,271,0.0%,
2020,4,23,宮城,84,1491,5.6%,
2020,4,23,秋田,16,776,2.1%,
2020,4,23,山形,65,1851,3.5%,
2020,4,23,福島,65,1316,4.9%,
2020,4,23,茨城,153,3887,3.9%,
2020,4,23,栃木,53,1617,3.3%,
2020,4,23,群馬,138,2380,5.8%,
2020,4,23,埼玉,753,5630,13.4%,
2020,4,23,千葉,749,4646,15.2%,704
2020,4,23,東京,3586,9361,38.3%,
2020,4,23,神奈川,880,4828,16.8%,810
2020,4,23,新潟,62,2354,2.6%,
2020,4,23,富山,150,1781,8.4%,
2020,4,23,石川,216,1338,16.1%,
2020,4,23,福井,119,1278,9.3%,
2020,4,23,山梨,51,1862,2.7%,
2020,4,23,長野,59,1514,3.9%,
2020,4,23,岐阜,146,2234,6.5%,
2020,4,23,静岡,58,2306,2.5%,
2020,4,23,愛知,453,6033,7.5%,
2020,4,23,三重,43,1578,2.7%,
2020,4,23,滋賀,92,1067,8.6%,
2020,4,23,京都,282,3397,8.3%,
2020,4,23,大阪,1417,6346,20.4%,1292
2020,4,23,兵庫,581,6213,9.4%,
2020,4,23,奈良,76,1140,6.7%,
2020,4,23,和歌山,50,2454,2.0%,
2020,4,23,鳥取,3,880,0.3%,
2020,4,23,島根,16,733,2.2%,
2020,4,23,岡山,19,1015,1.9%,
2020,4,23,広島,142,3900,3.6%,
2020,4,23,山口,31,1156,2.7%,
2020,4,23,徳島,5,368,1.4%,
2020,4,23,香川,28,1393,2.0%,
2020,4,23,愛媛,47,961,4.9%,
2020,4,23,高知,71,1260,5.6%,
2020,4,23,福岡,572,7690,7.4%,
2020,4,23,佐賀,21,682,3.1%,
2020,4,23,長崎,16,1676,1.0%,
2020,4,23,熊本,43,2577,1.7%,
2020,4,23,大分,60,2910,2.1%,
2020,4,23,宮崎,17,993,1.7%,
2020,4,23,鹿児島,10,1017,1.0%,
2020,4,23,沖縄,132,1589,8.3%,